{
  "method": "trajectory_embedding",
  "horizons": [
    3471,
    5601,
    7213
  ],
  "stats": {
    "feature_mean": [
      0.05181358382105827,
      0.2730882167816162,
      0.013025582768023014,
      0.35916218161582947,
      -0.039478011429309845,
      0.36003872752189636,
      -0.014500072225928307,
      0.37764737010002136,
      0.07697805017232895,
      0.34479421377182007,
      0.06346690654754639,
      0.1687493473291397,
      -0.1295366883277893,
      0.32418355345726013,
      0.18202078342437744,
      0.2571907341480255,
      -0.1642313301563263,
      0.354250431060791,
      0.13466696441173553,
      0.09457450360059738,
      0.12978284060955048,
      0.5192762017250061,
      -0.2684149444103241,
      0.3414686918258667,
      -0.037602901458740234,
      -0.03307666629552841,
      0.355651319026947,
      0.14982585608959198,
      0.3094640076160431,
      0.5627464056015015,
      -0.05220261961221695,
      0.7081911563873291,
      -0.36062362790107727,
      0.5194326639175415,
      -0.43289655447006226,
      0.1941893994808197,
      -0.2946045994758606,
      -0.07772665470838547,
      -0.052618663758039474,
      -0.21316449344158173,
      0.19751137495040894,
      -0.21447806060314178,
      0.401301771402359,
      -0.1216655820608139,
      0.5402405261993408,
      0.020973363891243935,
      0.61733078956604,
      0.17924928665161133,
      0.6448643803596497,
      0.33171024918556213,
      0.6369904279708862,
      0.46731042861938477,
      0.6062114834785461,
      0.5819909572601318,
      0.5622378587722778,
      0.6757525205612183,
      0.5120062232017517,
      0.7506287693977356,
      0.46015405654907227,
      0.809437096118927,
      0.4095951020717621,
      0.8550668954849243,
      0.3620273470878601,
      0.8901644945144653,
      0.3183189630508423,
      0.9169803857803345,
      0.2788081765174866,
      0.9373737573623657,
      0.24349963665008545,
      0.9528284072875977,
      0.21220763027668,
      0.9645075798034668,
      0.184641033411026,
      0.9733185768127441,
      0.16046357154846191,
      0.9799563884735107,
      0.1393270641565323,
      0.9849464297294617,
      0.12089424580335617,
      0.9887017011642456,
      0.10484708845615387,
      0.9915205240249634,
      0.0908958911895752,
      0.9936367273330688,
      0.07877898216247559,
      0.9952253103256226,
      0.06826279312372208,
      0.9964188933372498,
      0.059141144156455994,
      0.9973136782646179,
      0.051232341676950455,
      0.9979875087738037,
      0.044377271085977554,
      0.998490571975708,
      0.03843674436211586,
      0.9988698363304138,
      0.033289868384599686,
      0.9991496801376343,
      0.028831016272306442,
      0.9993593096733093,
      0.024968797340989113,
      0.9995346665382385,
      0.0216233991086483,
      0.9996330142021179,
      0.018725965172052383,
      0.9997068047523499,
      0.01621660590171814,
      0.9997993111610413,
      0.014043416827917099,
      0.9998958706855774,
      0.012161312624812126,
      0.9999294281005859,
      0.010531424544751644,
      0.9999595284461975,
      0.009119943715631962,
      0.9999797940254211,
      0.007897608913481236,
      0.9999866485595703,
      0.006839095149189234,
      0.9999939203262329,
      0.005922435317188501,
      0.9999958276748657,
      0.005128634162247181,
      0.9999979734420776,
      0.004441229626536369,
      0.9999987483024597,
      0.0038459505885839462,
      0.9999992251396179,
      -0.0038053919561207294,
      0.0021286432165652514,
      0.001648560632020235,
      0.0016836620634421706,
      -0.0003582135832402855,
      0.0007153841434046626,
      -0.003662714036181569,
      0.0031390762887895107,
      -0.005332187283784151,
      0.0037949038669466972,
      0.005472267046570778,
      0.0014802120858803391,
      0.009721485897898674,
      -0.004254781641066074,
      -0.005607545375823975,
      -0.0012931295204907656,
      0.0009325486607849598,
      0.0025500361807644367,
      -0.00655512185767293,
      0.0014758011093363166,
      -0.004516002722084522,
      0.0002881465188693255,
      0.0008007303113117814,
      -0.007129115518182516,
      -0.004389308393001556,
      0.0034826479386538267,
      -0.004071101546287537,
      0.007579989265650511,
      0.003238252829760313,
      0.0032795784063637257,
      0.0028218268416821957,
      -0.0027462721336632967,
      -0.002665587468072772,
      -0.0007390632526949048,
      -0.0022245871368795633,
      0.009144079871475697,
      -0.0029193847440183163,
      0.005223702639341354,
      0.0026906223502010107,
      -0.004708492197096348,
      -0.012560602277517319,
      -0.004555898252874613,
      -0.0011838489444926381,
      -0.007453042548149824,
      -0.0023195529356598854,
      -0.0030849953182041645,
      -0.001697713858447969,
      -0.006389426067471504,
      -0.002430225955322385,
      -0.00200834171846509,
      0.00308319553732872,
      0.006505148019641638,
      0.003667880780994892,
      -0.003530022455379367,
      -0.005388897377997637,
      0.002661806996911764,
      0.003951410297304392,
      0.005387802142649889,
      -0.0006400995189324021,
      0.00455904845148325,
      0.004700177349150181,
      -0.0027788577135652304,
      0.0007453219150193036,
      0.003008804516866803,
      -0.0018901157891377807,
      -0.0031338557600975037,
      0.0005942532443441451,
      -0.0015914611285552382,
      -0.0024042832665145397,
      0.0010012215934693813,
      0.002056070836260915,
      0.0018932996317744255,
      0.0039672283455729485,
      0.0013003774220123887,
      0.003951535560190678,
      -0.0014593618689104915,
      0.002919765654951334,
      -0.00662634614855051,
      0.0024229323025792837,
      -0.006972264964133501,
      0.002388646826148033,
      -0.009902856312692165,
      -0.005588122643530369,
      0.001330651226453483,
      0.0034976720344275236,
      -0.0005181396845728159,
      0.0014954112702980638,
      0.0011501505505293608,
      -0.003196355188265443,
      0.005904456600546837,
      0.009230650961399078,
      0.00022315108799375594,
      -0.00457754684612155,
      -0.0015582563355565071,
      0.0018682029331102967,
      -0.005710750352591276,
      0.002736426191404462,
      -0.0006536957225762308,
      -0.0005369607824832201,
      -0.007013419643044472,
      -0.0007810047245584428,
      -0.0034391339868307114,
      -0.0008253935375250876,
      -0.004355148877948523,
      0.0022316141985356808,
      -0.002627256326377392,
      0.0019516610773280263,
      0.005544883664697409,
      0.0008037228835746646,
      0.004833084996789694,
      -0.0008423175313510001,
      0.010372006334364414,
      0.0077516851015388966,
      -0.002972249174490571,
      -0.0004277339612599462,
      -0.000468368292786181,
      0.003275006078183651,
      0.006164263933897018,
      -0.007032748777419329,
      -0.0030501370783895254,
      0.0018830564804375172,
      -0.0015497436979785562,
      0.00027547962963581085,
      -0.0034658971708267927,
      -0.002709354506805539,
      -0.0009695118060335517,
      -0.00013027801469434053,
      -0.0017808139091357589,
      0.021714285016059875,
      0.18157142400741577,
      0.1907142847776413,
      0.2255714237689972,
      0.05728571489453316,
      0.004428571555763483,
      0.0007142857066355646,
      0.01671428605914116,
      0.39657142758369446,
      0.18971428275108337,
      0.03685714304447174,
      0.027285713702440262,
      0.48899999260902405,
      1948.34033203125,
      0.654285728931427,
      3.0112857818603516,
      28.15188217163086,
      1.206664800643921,
      5.245513916015625,
      34.916011810302734,
      82.53938293457031,
      1.295175552368164,
      0.9545029401779175,
      0.8971818089485168,
      40.07453155517578,
      18.94636344909668,
      33.28199005126953,
      1.747568130493164,
